step,train_loss,train_acc,test_loss,test_acc
1,4.58066987991333,0.012755102477967739,4.616818904876709,0.007226354908198118
100,0.14746524393558502,1.0,0.31779947876930237,0.9893730282783508
200,0.006269372999668121,1.0,0.008061415515840054,1.0
300,0.0022543000523000956,1.0,0.0025989795103669167,1.0
400,0.001123842434026301,1.0,0.0016726418398320675,1.0
500,0.0006336994701996446,1.0,0.0009012267109937966,1.0
